y,x,estimate,std.error,t.statistic,p.value,r2,y.mean
gdd,elevation,-0.5632847892844902,0.0022681020033961685,-248.35073045262044,0,0.8999359247271752,1256.43
precipitation,elevation,0.3117399487398804,0.003412840612431554,91.34324867218876,0,0.5488629534178222,354.83
streams,elevation,-0.0016253980746828343,3.4454968717034864e-5,-47.17456248564876,0,0.24499963736344477,1.37
